INSERT INTO users (id, full_name, email, phone, created_at) VALUES
(1, 'Ivan Ivanov', 'ivan.ivanov@example.com', '+79990000001', '2025-01-10 09:00:00+03'),
(2, 'Petr Petrov', 'petr.petrov@example.com', '+79990000002', '2025-01-11 09:15:00+03'),
(3, 'Anna Smirnova', 'anna.smirnova@example.com', '+79990000003', '2025-01-12 09:30:00+03'),
(4, 'Maria Kuznetsova', 'maria.kuznetsova@example.com', '+79990000004', '2025-01-13 09:45:00+03'),
(5, 'Dmitry Popov', 'dmitry.popov@example.com', '+79990000005', '2025-01-14 10:00:00+03'),
(6, 'Olga Sokolova', 'olga.sokolova@example.com', '+79990000006', '2025-01-15 10:15:00+03'),
(7, 'Sergey Volkov', 'sergey.volkov@example.com', '+79990000007', '2025-01-16 10:30:00+03'),
(8, 'Elena Fedorova', 'elena.fedorova@example.com', '+79990000008', '2025-01-17 10:45:00+03'),
(9, 'Andrey Morozov', 'andrey.morozov@example.com', '+79990000009', '2025-01-18 11:00:00+03'),
(10, 'Natalia Lebedeva', 'natalia.lebedeva@example.com', '+79990000010', '2025-01-19 11:15:00+03'),
(11, 'Alexey Pavlov', 'alexey.pavlov@example.com', '+79990000011', '2025-01-20 11:30:00+03'),
(12, 'Irina Novikova', 'irina.novikova@example.com', '+79990000012', '2025-01-21 11:45:00+03'),
(13, 'Mikhail Kozlov', 'mikhail.kozlov@example.com', '+79990000013', '2025-01-22 12:00:00+03'),
(14, 'Svetlana Orlova', 'svetlana.orlova@example.com', '+79990000014', '2025-01-23 12:15:00+03'),
(15, 'Nikita Egorov', 'nikita.egorov@example.com', '+79990000015', '2025-01-24 12:30:00+03');

INSERT INTO facilities (id, type, name, address) VALUES
(1, 'pickup_point', 'Pickup Point Nevsky', 'Nevsky Prospekt 10, Saint Petersburg'),
(2, 'pickup_point', 'Pickup Point Ligovsky', 'Ligovsky Prospekt 52, Saint Petersburg'),
(3, 'pickup_point', 'Pickup Point Vasileostrovsky', '8th Line 33, Saint Petersburg'),
(4, 'pickup_point', 'Pickup Point Petrogradsky', 'Bolshoy Prospekt PS 18, Saint Petersburg'),
(5, 'pickup_point', 'Pickup Point Kupchino', 'Bukharestskaya 74, Saint Petersburg'),
(6, 'pickup_point', 'Pickup Point Parnas', 'Mikhaila Dudina 12, Saint Petersburg'),
(7, 'pickup_point', 'Pickup Point Devyatkino', 'Privokzalnaya Square 3, Murino'),
(8, 'pickup_point', 'Pickup Point Kudrovo', 'Leningradskaya 9, Kudrovo'),
(9, 'warehouse', 'Warehouse North', 'Parnas Industrial Zone 1, Saint Petersburg'),
(10, 'warehouse', 'Warehouse South', 'Sofiyskaya 62, Saint Petersburg'),
(11, 'warehouse', 'Warehouse East', 'Yakorniy Lane 7, Saint Petersburg'),
(12, 'warehouse', 'Warehouse West', 'Marshala Zhukova 21, Saint Petersburg'),
(13, 'warehouse', 'Warehouse Central', 'Obvodny Canal 118, Saint Petersburg'),
(14, 'warehouse', 'Warehouse Murino', 'Centralnaya 44, Murino'),
(15, 'warehouse', 'Warehouse Kudrovo', 'Prigorodnaya 16, Kudrovo');

INSERT INTO categories (id, name) VALUES
(1, 'Smartphones'),
(2, 'Laptops'),
(3, 'Tablets'),
(4, 'Headphones'),
(5, 'Smart Home'),
(6, 'Gaming'),
(7, 'Monitors'),
(8, 'Storage'),
(9, 'Accessories'),
(10, 'Networking'),
(11, 'Kitchen Appliances'),
(12, 'Office Equipment'),
(13, 'Wearables'),
(14, 'Cameras'),
(15, 'Books');

INSERT INTO employee_positions (id, name, salary) VALUES
(1, 'Cashier', 52000.00),
(2, 'Picker', 55000.00),
(3, 'Courier Coordinator', 60000.00),
(4, 'Warehouse Operator', 62000.00),
(5, 'Senior Warehouse Operator', 70000.00),
(6, 'Shift Supervisor', 78000.00),
(7, 'Facility Manager', 92000.00),
(8, 'Inventory Analyst', 68000.00),
(9, 'Customer Support Specialist', 58000.00),
(10, 'Returns Specialist', 61000.00),
(11, 'Security Officer', 50000.00),
(12, 'Maintenance Technician', 64000.00),
(13, 'HR Specialist', 65000.00),
(14, 'Accountant', 73000.00),
(15, 'Operations Manager', 110000.00);

INSERT INTO pickup_points (id, opening_hours) VALUES
(1, '09:00-21:00'),
(2, '10:00-22:00'),
(3, '09:00-21:00'),
(4, '10:00-22:00'),
(5, '09:00-21:00'),
(6, '10:00-22:00'),
(7, '09:00-21:00'),
(8, '10:00-22:00');

INSERT INTO warehouses (id, capacity) VALUES
(9, 12000),
(10, 15000),
(11, 9000),
(12, 10000),
(13, 8000),
(14, 7000),
(15, 6500);

INSERT INTO products (id, category_id, name, description, price) VALUES
(1, 1, 'Smartphone A1', 'Budget smartphone with 128GB storage', 19990.00),
(2, 1, 'Smartphone A2', 'Mid-range smartphone with OLED display', 29990.00),
(3, 2, 'Laptop B1', '14-inch laptop for study and office', 54990.00),
(4, 2, 'Laptop B2', '15-inch performance laptop', 79990.00),
(5, 3, 'Tablet C1', '10-inch tablet for media and reading', 24990.00),
(6, 4, 'Headphones D1', 'Wireless over-ear headphones', 8990.00),
(7, 4, 'Earbuds D2', 'True wireless earbuds with ANC', 6990.00),
(8, 5, 'Smart Bulb E1', 'Wi-Fi smart bulb with RGB lighting', 1490.00),
(9, 6, 'Gamepad F1', 'Wireless controller for PC and console', 4590.00),
(10, 7, 'Monitor G1', '27-inch IPS monitor 144Hz', 21990.00),
(11, 8, 'SSD H1', '1TB NVMe SSD drive', 7490.00),
(12, 9, 'USB-C Hub I1', '7-in-1 USB-C hub for laptops', 3490.00),
(13, 10, 'Router J1', 'Dual-band Wi-Fi 6 router', 5990.00),
(14, 13, 'Smart Watch K1', 'Fitness watch with heart-rate tracking', 12990.00),
(15, 14, 'Camera L1', 'Mirrorless camera for beginners', 45990.00);

INSERT INTO employees (id, position_id, full_name, email, phone, hired_at, status) VALUES
(1, 1, 'Artem Belov', 'artem.belov@example.com', '+79880000001', '2024-02-01 09:00:00+03', 'active'),
(2, 2, 'Polina Zaitseva', 'polina.zaitseva@example.com', '+79880000002', '2024-02-05 09:00:00+03', 'active'),
(3, 3, 'Roman Titov', 'roman.titov@example.com', '+79880000003', '2024-02-10 09:00:00+03', 'active'),
(4, 4, 'Vera Belkina', 'vera.belkina@example.com', '+79880000004', '2024-02-15 09:00:00+03', 'active'),
(5, 5, 'Kirill Makarov', 'kirill.makarov@example.com', '+79880000005', '2024-02-20 09:00:00+03', 'active'),
(6, 6, 'Yulia Denisova', 'yulia.denisova@example.com', '+79880000006', '2024-02-25 09:00:00+03', 'active'),
(7, 7, 'Denis Kiselev', 'denis.kiselev@example.com', '+79880000007', '2024-03-01 09:00:00+03', 'active'),
(8, 8, 'Alina Sorokina', 'alina.sorokina@example.com', '+79880000008', '2024-03-05 09:00:00+03', 'active'),
(9, 9, 'Maksim Gromov', 'maksim.gromov@example.com', '+79880000009', '2024-03-10 09:00:00+03', 'active'),
(10, 10, 'Tatyana Vinogradova', 'tatyana.vinogradova@example.com', '+79880000010', '2024-03-15 09:00:00+03', 'active'),
(11, 11, 'Pavel Biryukov', 'pavel.biryukov@example.com', '+79880000011', '2024-03-20 09:00:00+03', 'active'),
(12, 12, 'Ekaterina Loginova', 'ekaterina.loginova@example.com', '+79880000012', '2024-03-25 09:00:00+03', 'active'),
(13, 13, 'Ilya Efimov', 'ilya.efimov@example.com', '+79880000013', '2024-04-01 09:00:00+03', 'active'),
(14, 14, 'Ksenia Gracheva', 'ksenia.gracheva@example.com', '+79880000014', '2024-04-05 09:00:00+03', 'active'),
(15, 15, 'Bogdan Frolov', 'bogdan.frolov@example.com', '+79880000015', '2024-04-10 09:00:00+03', 'active');

INSERT INTO orders (id, user_id, pickup_point_id, created_at, status, total) VALUES
(1, 1, 1, '2025-02-01 12:10:00+03', 'created', 28980.00),
(2, 2, 2, '2025-02-02 12:20:00+03', 'paid', 61980.00),
(3, 3, 3, '2025-02-03 12:30:00+03', 'shipped', 31980.00),
(4, 4, 4, '2025-02-04 12:40:00+03', 'ready', 51980.00),
(5, 5, 5, '2025-02-05 12:50:00+03', 'completed', 8990.00),
(6, 6, 6, '2025-02-06 13:00:00+03', 'created', 8480.00),
(7, 7, 7, '2025-02-07 13:10:00+03', 'paid', 21990.00),
(8, 8, 8, '2025-02-08 13:20:00+03', 'shipped', 7490.00),
(9, 9, 1, '2025-02-09 13:30:00+03', 'ready', 3490.00),
(10, 10, 2, '2025-02-10 13:40:00+03', 'completed', 5990.00),
(11, 11, 3, '2025-02-11 13:50:00+03', 'created', 12990.00),
(12, 12, 4, '2025-02-12 14:00:00+03', 'paid', 45990.00),
(13, 13, 5, '2025-02-13 14:10:00+03', 'shipped', 21480.00),
(14, 14, 6, '2025-02-14 14:20:00+03', 'ready', 56480.00),
(15, 15, 7, '2025-02-15 14:30:00+03', 'completed', 35980.00);

INSERT INTO employee_assignments (id, employee_id, facility_id, start_date, end_date) VALUES
(1, 1, 1, '2024-05-01', NULL),
(2, 2, 2, '2024-05-02', NULL),
(3, 3, 3, '2024-05-03', NULL),
(4, 4, 4, '2024-05-04', NULL),
(5, 5, 5, '2024-05-05', NULL),
(6, 6, 6, '2024-05-06', NULL),
(7, 7, 7, '2024-05-07', NULL),
(8, 8, 8, '2024-05-08', NULL),
(9, 9, 9, '2024-05-09', NULL),
(10, 10, 10, '2024-05-10', NULL),
(11, 11, 11, '2024-05-11', NULL),
(12, 12, 12, '2024-05-12', NULL),
(13, 13, 13, '2024-05-13', NULL),
(14, 14, 14, '2024-05-14', NULL),
(15, 15, 15, '2024-05-15', NULL);

INSERT INTO order_items (order_id, product_id, quantity, price_at_order) VALUES
(1, 5, 1, 24990.00),
(1, 6, 1, 3990.00),
(2, 2, 2, 29990.00),
(2, 8, 1, 1990.00),
(3, 1, 1, 19990.00),
(3, 14, 1, 11990.00),
(4, 10, 2, 21990.00),
(4, 12, 2, 3990.00),
(5, 6, 1, 8990.00),
(6, 9, 1, 4590.00),
(6, 8, 2, 1945.00),
(7, 10, 1, 21990.00),
(8, 11, 1, 7490.00),
(9, 12, 1, 3490.00),
(10, 13, 1, 5990.00),
(11, 14, 1, 12990.00),
(12, 15, 1, 45990.00),
(13, 7, 2, 6990.00),
(13, 11, 1, 7490.00),
(14, 3, 1, 54990.00),
(14, 8, 1, 1490.00),
(15, 2, 1, 29990.00),
(15, 6, 1, 5990.00),
(3, 8, 1, 1990.00),
(5, 9, 1, 0.00),
(7, 12, 1, 0.00),
(8, 8, 1, 0.00),
(9, 8, 1, 0.00),
(10, 8, 1, 0.00),
(11, 8, 1, 0.00);

INSERT INTO inventory (product_id, warehouse_id, quantity) VALUES
(1, 9, 40),
(1, 10, 25),
(2, 9, 30),
(2, 11, 20),
(3, 10, 15),
(3, 13, 12),
(4, 10, 10),
(4, 15, 8),
(5, 11, 22),
(5, 14, 18),
(6, 9, 70),
(6, 12, 55),
(7, 9, 65),
(7, 13, 40),
(8, 12, 120),
(8, 14, 80),
(9, 10, 35),
(9, 15, 20),
(10, 11, 18),
(10, 13, 14),
(11, 9, 50),
(11, 14, 30),
(12, 12, 42),
(12, 15, 25),
(13, 10, 27),
(13, 13, 21),
(14, 11, 19),
(14, 14, 16),
(15, 9, 9),
(15, 15, 7);
